kmers	S1_5mer_distribution_UTR3	S2_5mer_distribution_UTR3	X1_5mer_distribution_UTR3	X2_5mer_distribution_UTR3	X3_5mer_distribution_UTR3
AAGGG	1.1449882091841523	0.8687698990303659	-0.055726848072301126	-0.2415371105380895	0.8458106181471786
UGGAU	0.23687445940592758	0.42065007019694395	0.37881785268022133	0.9404444824998089	0.061353852910486666
UGAGC	0.2910892141310279	0.12052476466896021	-0.9471009625414908	-0.4381888438890735	0.023820633249496865
UUAGG	0.8914906183555328	0.6098819964997565	-0.16729924217058323	0.3429460189528809	0.5375314453538101
GGAGG	1.352126143486414	0.8355717347457315	-0.6456637729162346	-0.257613774002858	0.8858084528071948
GCGUG	0.01443343389640654	0.11135122755878273	-0.6456637729162346	-0.33275324343282503	-0.25626356293722313
GCAGG	0.4963771855948574	0.18005217645475138	-0.3625935024775556	-0.3042127885431945	0.2677127061593762
GAUAG	0.3475050447922888	0.1445410474489556	-0.316368533278785	-0.3749214665451938	0.13152147033774736
GAGGG	1.4919301959958124	0.9391521435234779	0.4750393131597057	0.37566589866999583	0.890563626654032
GGGAA	0.7201868018706605	0.6640511531035449	0.14055434213340057	-0.002066255535124857	0.673989908632643
AGUGA	0.5176919377914596	0.5483543957817217	-0.4677940547333993	-0.23878337145635858	0.4117120171482239
AGGGG	0.8931788854558982	0.560781382675653	0.15717950886105236	-0.12781387127577018	0.8308748558180346
AGGGA	0.7928768889352158	0.6033850325313465	-0.5517935767362628	-0.38484113942262077	0.48351984837894674
AGGAU	0.483280971093186	0.4335159864891463	-0.010299708875985166	-0.22730613808050404	0.5018769181190986
CGUGG	0.2293032932568345	0.11621984574402595	-0.47946691892837995	-0.30066658555361864	-0.1273968137675474
GGUUG	0.9897007495434539	0.5465612359840235	0.13779519773980428	-0.10503252943054915	0.7138164721585666
UGGUG	1.621558434683734	0.9290790093026751	-0.10949101451843361	-0.2621777436471699	1.1563837354195512
UGGGG	1.979467800931843	1.5146555256160281	0.6141627495330493	0.34130785101454564	1.2325990010786032
GUGGU	0.9628504536706649	0.6510339103167052	-0.3709417134999624	-0.49240175962765564	0.774480700886757
GUGGG	1.8141298997926505	1.2452702086075342	0.285015959602694	0.35903589319808843	1.4078733260091314
GGUGG	1.7898038849126494	1.148802009566902	0.17453761259795955	-0.025497481061029795	1.5627348140685928
UUGGG	1.5259137472405289	1.0218968109791233	0.3060572373836617	0.3083502178980828	1.1486577489062113
GGGUU	0.9537658923278717	0.9224081353290523	0.9449907941141029	0.7918249287690712	1.0940007563082097
GGGGU	1.2541048249776219	1.095693551510289	0.6621981824820612	0.5286203335627139	1.0762776550407906
GGUAU	1.2075478098098684	0.8711860559566665	-0.0242048149179427	-0.08292906050616879	0.9119050109424024
GGUUU	1.428024980571464	1.6263867201837574	2.038368751627536	2.455063971872766	1.5439326583362083
GUGAU	1.9557406998813938	1.4799975372511733	0.8799028493072366	0.601206634721907	1.829481111018704
GGAUU	1.1659138593941751	1.2348417684500166	1.0693528526414855	1.27540561177841	0.8192411238485083
AGUAU	1.7555949676247848	1.39989269784516	-0.031541868299921325	-0.19471309811502605	2.259215248268163
UAUGA	1.1314731251911911	0.8184414696587408	0.6551582182995028	0.20852231326318293	0.9293249298396421
AGAUU	2.2562400801101776	1.4856225923269442	0.7113476743229553	0.6399101240339777	1.4473370096099782
UGAUA	2.4644319176956047	1.7691261455868574	0.5956389788772889	0.47820784636257313	1.5143942370798726
UGAUG	1.1118935600868811	0.6910836606656658	0.45809329642285423	0.3756449280803697	0.4911297525142329
UGAUU	2.7211622044615797	2.2468807658450314	2.115982297306886	1.6784250316387717	3.210221740389697
AGAUG	1.0053194177482287	0.6648519781771335	0.1882451868569137	0.1902232035925316	0.6324241119129003
GAUAC	1.2155939492051953	0.49831271503661434	0.19773744434406454	-0.031205074771630606	0.5487357253605124
AUGAU	1.455252010395528	1.7046202547405078	1.1481900250469976	0.9978275722834532	1.1669900167044374
GAGAU	1.5630766112569074	1.1639893544198512	-0.0017736660788858845	0.23659562411687368	1.218018382945946
